City_ID,City,Lat,Lng,Max Temp,Humidity,Cloudiness,Wind Speed,Country,Date
0,limulunga,-15.0969,23.1376,283.44,70,0,1.9,ZM,1690432315
1,dolinsk,47.35,142.8,299.7,55,35,4.53,RU,1690432316
2,ta`u,-14.2336,-169.5144,298.57,76,95,6.84,AS,1690432267
3,west island,-12.1568,96.8225,299.14,73,75,10.29,CC,1690432261
4,sao mateus,-18.7161,-39.8589,291.61,89,4,0.3,BR,1690432318
5,port-aux-francais,-49.35,70.2167,277.76,79,83,15.3,TF,1690432249
6,keflavik,64.0049,-22.5624,282.39,87,0,4.12,IS,1690432319
7,grytviken,-54.2811,-36.5092,274.13,99,100,5.68,GS,1690432245
8,extrema,-22.8547,-46.3183,288.04,56,3,1.85,BR,1690432320
9,hinton,53.4001,-117.5857,283.95,88,100,2.18,CA,1690432320
10,waddan,29.1614,16.139,300.6,51,0,3.93,LY,1690432321
11,remire-montjoly,4.9167,-52.2667,298.17,94,100,0.0,GF,1690432322
12,mahajanga,-15.7167,46.3167,295.16,64,20,3.6,MG,1690432322
13,ilulissat,69.2167,-51.1,280.16,76,0,2.06,GL,1690432323
14,tamanrasset,22.785,5.5228,299.1,13,0,3.09,DZ,1690432323
15,ushuaia,-54.8,-68.3,272.96,69,75,2.57,AR,1690432230
16,callao,-12.0667,-77.15,293.31,77,100,3.09,PE,1690432317
17,bethel,41.3712,-73.414,297.87,81,0,4.12,US,1690432140
18,nelson bay,-32.7167,152.15,294.26,62,0,4.05,AU,1690432326
19,luderitz,-26.6481,15.1594,285.43,64,0,3.0,NA,1690432251
20,yellowknife,62.456,-114.3525,295.44,37,40,3.6,CA,1690432248
21,badiyah,22.45,58.8,302.04,63,76,1.03,OM,1690432327
22,muynoq,43.7683,59.0214,303.55,38,91,2.83,UZ,1690432328
23,nyurba,63.2842,118.3319,296.45,33,56,3.51,RU,1690432329
24,puerto ayora,-0.7393,-90.3518,297.9,93,86,2.24,EC,1690432235
25,bredasdorp,-34.5322,20.0403,281.66,90,0,2.06,ZA,1690432330
26,adamstown,-25.066,-130.1015,292.65,60,28,3.87,PN,1690432241
27,newman,37.3138,-121.0208,302.28,10,0,2.74,US,1690432263
28,hamilton,39.1834,-84.5333,301.58,75,75,6.17,US,1690432239
29,naga,13.6192,123.1814,302.38,79,100,8.14,PH,1690432332
30,qaqortoq,60.7167,-46.0333,280.07,80,95,3.33,GL,1690432276
31,port mathurin,-19.6833,63.4167,296.71,80,32,7.62,MU,1690432264
32,vorgashor,67.5833,63.95,288.89,83,98,2.32,RU,1690432334
33,georgetown,5.4112,100.3354,305.11,79,20,2.57,MY,1690432109
34,olonkinbyen,70.9221,-8.7187,277.83,89,100,4.39,SJ,1690432308
35,fale old settlement,-9.3852,-171.2468,301.72,72,59,7.59,TK,1690432336
36,san juan de miraflores,-12.1629,-76.9635,292.44,86,66,3.34,PE,1690432336
37,tsetserleg,47.475,101.4542,296.36,36,33,1.76,MN,1690432337
38,hawaiian paradise park,19.5933,-154.9731,297.61,97,100,4.63,US,1690432337
39,isafjordur,66.0755,-23.124,279.84,88,96,5.18,IS,1690432269
40,waitangi,-43.9535,-176.5597,280.27,54,91,7.32,NZ,1690432250
41,marshalltown,42.0494,-92.908,299.45,85,0,0.0,US,1690432339
42,klyuchi,52.2667,79.1667,295.85,48,100,5.61,RU,1690432340
43,salahonda,2.1019,-78.7217,299.6,84,45,3.55,CO,1690432340
44,invercargill,-46.4,168.35,280.52,75,99,6.21,NZ,1690432268
45,barbastro,42.0356,0.1269,292.45,57,0,2.15,ES,1690432342
46,greenville,35.6127,-77.3663,300.12,92,0,3.09,US,1690432220
47,shingu,33.7333,135.9833,304.32,61,90,2.66,JP,1690432343
48,bilibino,68.0546,166.4372,284.49,69,100,1.39,RU,1690432238
49,copala,16.65,-98.9833,299.66,85,59,1.57,MX,1690432344
50,iskateley,67.6803,53.1512,293.89,58,90,2.44,RU,1690432268
51,iqaluit,63.7506,-68.5145,280.0,87,75,1.03,CA,1690432212
52,vila franca do campo,37.7167,-25.4333,294.38,86,3,2.26,PT,1690432009
53,fort bragg,35.139,-79.006,300.47,84,0,3.6,US,1690432346
54,port lincoln,-34.7333,135.8667,290.78,65,97,7.69,AU,1690432302
55,udachny,66.4167,112.4,295.07,40,100,3.41,RU,1690432271
56,prince rupert,54.3161,-130.3201,288.98,90,0,4.63,CA,1690432348
57,queenstown,-31.8976,26.8753,281.93,86,23,1.75,ZA,1690432349
58,avarua,-21.2078,-159.775,295.18,78,75,1.03,CK,1690432349
59,crane,31.3974,-102.3501,302.88,31,62,5.99,US,1690432350
60,margaret river,-33.95,115.0667,286.78,69,99,5.88,AU,1690432257
61,hanford,36.3275,-119.6457,306.12,46,0,3.6,US,1690432263
62,blackmans bay,-43.0167,147.3167,285.78,71,100,2.27,AU,1690432237
63,talnakh,69.4865,88.3972,300.49,42,45,1.94,RU,1690432246
64,"laikit, laikit ii (dimembe)",1.4792,124.9735,304.62,55,20,5.14,ID,1690432355
65,hithadhoo,-0.6,73.0833,301.53,78,29,6.85,MV,1690432265
66,nova sintra,14.8667,-24.7167,296.11,85,77,6.94,CV,1690432300
67,yanam,16.7333,82.2167,298.41,89,100,4.84,IN,1690432356
68,hermanus,-34.4187,19.2345,284.62,84,1,3.31,ZA,1690432287
69,antofagasta,-23.65,-70.4,290.75,87,61,2.35,CL,1690432187
70,walvis bay,-22.9575,14.5053,284.87,93,100,4.63,NA,1690432294
71,wailua homesteads,22.0669,-159.378,301.39,80,0,6.17,US,1690432290
72,kodiak,57.79,-152.4072,286.88,82,100,4.12,US,1690432359
73,salo,45.6086,10.531,291.2,65,20,4.26,IT,1690432360
74,great falls,47.5002,-111.3008,297.4,29,0,3.6,US,1690432090
75,puerto natales,-51.7236,-72.4875,270.97,94,100,1.22,CL,1690432361
76,mme-bafumen,6.3333,10.2333,289.27,96,87,0.91,CM,1690432361
77,as salamiyah,35.0113,37.0532,301.97,28,0,2.17,SY,1690432362
78,road town,18.4167,-64.6167,301.2,79,100,7.93,VG,1690432363
79,key west,24.5557,-81.7826,302.15,76,0,4.63,US,1690432293
80,ribeira grande,38.5167,-28.7,295.8,96,62,3.13,PT,1690432364
81,port elizabeth,-33.918,25.5701,287.31,82,0,6.69,ZA,1690432279
82,papatowai,-46.5619,169.4708,279.72,83,100,8.47,NZ,1690432256
83,nolensville,35.9523,-86.6694,301.14,83,0,2.57,US,1690432190
84,khadan khak,30.7477,67.7085,299.78,43,2,1.82,PK,1690432366
85,thompson,55.7435,-97.8558,285.24,100,100,1.03,CA,1690432154
86,uturoa,-16.7333,-151.4333,298.92,83,45,4.27,PF,1690432367
87,longyearbyen,78.2186,15.6401,284.06,76,40,1.54,SJ,1690432367
88,fuling,29.7022,107.3919,299.42,91,100,0.35,CN,1690432368
89,batang,-6.4846,110.7083,302.81,50,77,3.08,ID,1690432369
90,bonthe,7.5264,-12.505,297.6,91,97,2.41,SL,1690432369
91,laguna,38.421,-121.4238,301.1,52,0,4.63,US,1690432370
92,kenai,60.5544,-151.2583,287.2,95,100,4.12,US,1690432370
93,edinburgh of the seven seas,-37.0676,-12.3116,283.86,55,71,9.37,SH,1690432252
94,punta arenas,-53.15,-70.9167,272.15,82,21,3.73,CL,1690432228
95,la'ie,21.6477,-157.9253,302.13,74,15,2.68,US,1690432372
96,villa del totoral,-30.8167,-63.7167,282.09,56,77,0.55,AR,1690432373
97,tralee,52.2704,-9.7026,288.68,99,100,2.63,IE,1690432374
98,mantua,45.1667,10.7833,291.73,80,8,1.79,IT,1690432375
99,tarawa,1.419,172.984,304.2,66,20,2.06,KI,1690432231
100,prince edward,44.0001,-77.2495,297.49,83,100,3.58,CA,1690432237
101,mohammedia,33.7066,-7.3944,295.26,100,40,1.03,MA,1690432132
102,bangassou,4.7413,22.8184,293.94,97,100,1.25,CF,1690432377
103,murzuq,25.9155,13.9184,302.35,12,1,4.1,LY,1690432378
104,tiksi,71.6872,128.8694,280.7,73,54,2.55,RU,1690432378
105,kapuskasing,49.4169,-82.4331,289.2,100,75,0.0,CA,1690432261
106,whitehorse,60.7161,-135.0538,290.94,79,100,2.06,CA,1690432253
107,dogubayazit,39.5469,44.0842,295.69,50,0,1.65,TR,1690432380
108,papao,-17.75,-149.55,297.97,81,34,1.66,PF,1690432380
109,vadso,70.0744,29.7487,283.24,93,100,3.09,NO,1690432381
110,sisimiut,66.9395,-53.6735,277.68,93,57,3.71,GL,1690432381
111,chichiriviche,10.9333,-68.2772,300.0,86,96,3.62,VE,1690432382
112,tarnogskiy gorodok,60.4997,43.5761,291.21,98,99,3.17,RU,1690432383
113,ebon,4.582,168.6964,301.55,69,76,0.72,MH,1690432383
114,muntok,-2.0667,105.1833,303.78,62,47,4.17,ID,1690432384
115,tura,25.5198,90.2201,302.43,73,99,3.23,IN,1690432278
116,pecan plantation,32.3604,-97.6756,305.34,43,0,3.09,US,1690432385
117,albany,42.6001,-73.9662,296.4,83,100,0.89,US,1690432202
118,port alfred,-33.5906,26.891,288.57,86,55,8.75,ZA,1690432387
119,naracoorte,-36.9579,140.7383,290.13,56,57,6.4,AU,1690432387
120,ascension,30.2169,-90.9001,302.05,84,0,0.0,US,1690432388
121,stanley,54.868,-1.6985,286.77,92,75,1.54,GB,1690432209
122,tanjung pandan,-2.75,107.65,304.84,57,14,4.75,ID,1690432389
123,saipan,15.1355,145.701,301.54,100,40,5.14,MP,1690432389
124,boyolangu,-8.1181,111.8935,302.03,100,58,4.3,ID,1690432390
125,ulladulla,-35.35,150.4667,294.36,31,0,3.28,AU,1690432298
126,saint-francois,46.4154,3.9054,287.97,77,100,2.57,FR,1690432391
127,haiku-pauwela,20.9219,-156.3051,299.16,80,20,10.8,US,1690432392
128,siwa oasis,29.2041,25.5195,303.21,31,1,1.67,EG,1690432392
129,lebu,-37.6167,-73.65,281.74,86,94,0.76,CL,1690432353
130,jamestown,42.097,-79.2353,296.92,96,75,3.6,US,1690432242
131,margate,51.3813,1.3862,289.76,95,100,4.47,GB,1690432394
132,geraldton,-28.7667,114.6,290.38,63,75,3.6,AU,1690432254
133,badger,64.8,-147.5333,302.32,57,0,0.0,US,1690432298
134,praia da vitoria,38.7333,-27.0667,296.35,88,20,3.32,PT,1690432396
135,rongelap,11.1635,166.8941,301.7,76,100,7.93,MH,1690432396
136,tateyama,34.9833,139.8667,301.45,75,28,5.14,JP,1690432397
137,pisco,-13.7,-76.2167,288.18,82,0,2.06,PE,1690432397
138,mazagao,-0.115,-51.2894,298.18,91,41,1.63,BR,1690432398
139,east london,-33.0153,27.9116,288.67,77,0,4.63,ZA,1690432399
140,minas de marcona,-15.2119,-75.1103,285.18,88,43,4.7,PE,1690432399
141,cole harbour,44.6724,-63.4751,293.14,89,49,7.72,CA,1690432400
142,hasaki,35.7333,140.8333,312.2,71,15,5.84,JP,1690432277
143,villa gesell,-37.2639,-56.973,278.18,87,35,5.92,AR,1690432401
144,pama,11.2497,0.7075,298.25,81,100,2.32,BF,1690432402
145,sao miguel do araguaia,-13.275,-50.1628,295.48,37,31,1.9,BR,1690432403
146,weiser,44.251,-116.9693,301.26,26,0,3.75,US,1690432403
147,el calafate,-50.3408,-72.2768,269.0,70,100,0.84,AR,1690432287
148,bac lieu,9.285,105.7244,303.2,67,100,8.74,VN,1690432404
149,lorengau,-2.0226,147.2712,301.44,82,58,4.54,PG,1690432405
150,kruisfontein,-34.0033,24.7314,282.72,87,43,3.02,ZA,1690432405
151,anadyr,64.75,177.4833,285.43,87,75,6.0,RU,1690432284
152,lazaro cardenas,17.9583,-102.2,300.51,80,83,2.31,MX,1690432407
153,gadzhiyevo,69.2551,33.3362,284.17,92,100,0.61,RU,1690432408
154,nar'yan-mar,67.6713,53.087,293.93,58,89,2.45,RU,1690432398
155,kingston,17.997,-76.7936,301.62,85,75,9.26,JM,1690432409
156,wuzhou,23.4833,111.3167,308.53,54,71,0.93,CN,1690432410
157,caleta de carquin,-11.0925,-77.6267,292.43,82,71,3.11,PE,1690432410
158,bandar lampung,-5.4254,105.258,303.15,58,44,1.75,ID,1690432411
159,atafu village,-8.5421,-172.5159,301.84,75,96,8.15,TK,1690432259
160,vilyuysk,63.7553,121.6247,297.27,28,76,3.04,RU,1690432412
161,constantia,44.1833,28.65,293.54,87,99,6.84,RO,1690432358
162,roma,43.2128,-75.4557,298.05,73,0,2.57,US,1690432266
163,xilin hot,43.9667,116.0333,303.25,35,29,2.59,CN,1690432414
164,howrah,22.5892,88.3103,303.15,84,40,4.12,IN,1690432277
165,la passe,45.5549,-0.8967,292.03,94,20,2.98,FR,1690432274
166,taulaga,-11.0553,-171.0883,301.03,69,43,6.63,AS,1690432276
167,afaahiti,-17.75,-149.2833,297.08,83,61,2.93,PF,1690432288
168,college,64.8569,-147.8028,302.36,57,75,0.45,US,1690432416
169,codrington,-38.2667,141.9667,289.09,64,25,7.78,AU,1690432417
170,al qabil,22.571,58.6947,302.51,61,78,0.82,OM,1690432418
171,utrik,11.2278,169.8474,301.04,81,100,7.73,MH,1690432272
172,palikir - national government center,6.9248,158.1611,304.56,62,75,2.06,FM,1690432270
173,kailua-kona,19.6406,-155.9956,301.21,86,100,4.12,US,1690432155
174,goundam,16.4145,-3.6708,306.07,39,94,5.06,ML,1690432420
175,cedeira,43.6797,-8.0209,291.14,86,84,2.63,ES,1690432422
176,ancud,-41.8697,-73.8203,281.22,95,100,3.02,CL,1690432365
177,karaidel',55.8337,56.9069,294.78,72,82,3.26,RU,1690432423
178,susuman,62.7833,148.1667,282.62,82,100,1.81,RU,1690432299
179,aasiaat,68.7098,-52.8699,275.91,95,28,4.37,GL,1690432284
180,cabo san lucas,22.8909,-109.9124,304.05,77,51,1.79,MX,1690432424
181,oriximina,-1.7656,-55.8661,299.7,66,56,1.28,BR,1690432425
182,heber springs,35.4915,-92.0313,302.33,65,40,1.73,US,1690432201
183,hadibu,12.65,54.0333,299.23,72,75,15.6,YE,1690432426
184,zelhem,52.0067,6.3486,287.59,92,100,1.79,NL,1690432426
185,touros,-5.1989,-35.4608,297.11,88,47,4.93,BR,1690432427
186,mount isa,-20.7333,139.5,299.02,50,75,5.66,AU,1690432428
187,bandiagara,14.3501,-3.6104,302.43,54,100,5.19,ML,1690432428
188,lompoc,34.6391,-120.4579,290.23,87,100,4.63,US,1690432117
189,gebeit,21.0667,36.3167,306.29,32,4,8.63,SD,1690432429
190,tabas,33.5959,56.9244,309.53,15,1,0.58,IR,1690432430
191,zhosaly,45.4878,64.0781,304.9,31,99,7.53,KZ,1690432430
192,port colborne,42.9001,-79.2329,296.12,94,100,5.54,CA,1690432431
193,inarajan village,13.2736,144.7484,302.69,94,100,5.76,GU,1690432431
194,buala,-8.145,159.5921,299.34,88,100,3.75,SB,1690432432
195,ulcinj,41.9294,19.2244,296.27,79,0,3.94,ME,1690432434
196,selfoss,63.9331,-20.9971,281.51,75,88,3.51,IS,1690432434
197,gasa,31.5,34.4667,302.03,56,0,1.22,PS,1690432435
198,kemise,10.7167,39.8667,298.21,53,98,1.73,ET,1690432435
199,vanino,49.0869,140.2543,295.34,74,59,0.93,RU,1690432436
200,catemaco,18.4167,-95.1167,296.2,89,100,1.05,MX,1690432436
201,ambalangoda,6.2355,80.0538,301.62,73,100,3.93,LK,1690432437
202,omaruru,-21.4333,15.9333,285.84,31,4,1.67,NA,1690432437
203,barberino di mugello,44.0027,11.2371,292.41,82,13,1.63,IT,1690432438
204,changyon,38.2508,125.0961,300.76,79,100,4.47,KP,1690432438
205,peace river,56.2501,-117.286,289.32,94,100,3.6,CA,1690432286
206,ust-nera,64.5667,143.2,287.65,54,95,3.45,RU,1690432440
207,gongzhuling,43.5008,124.8198,301.93,69,64,6.91,CN,1690432441
208,bodo,67.28,14.405,289.14,92,0,2.57,NO,1690432441
209,borzya,50.3833,116.5167,298.55,41,3,5.27,RU,1690432168
210,charters towers,-20.1,146.2667,295.02,53,87,7.15,AU,1690432443
211,broken hill,-31.95,141.4333,293.51,31,31,7.88,AU,1690432444
212,ambodifotatra,-16.9833,49.85,295.63,71,91,10.57,MG,1690432445
213,jiangzi,28.95,89.6333,282.72,65,100,0.99,CN,1690432446
214,sault ste. marie,46.5168,-84.3333,292.46,96,20,1.54,CA,1690432446
215,vilyuchinsk,52.9306,158.4028,294.3,85,99,2.82,RU,1690432447
216,qamdo,31.1667,97.2333,285.96,44,98,2.26,CN,1690432447
217,kangaba,11.9333,-8.4167,296.2,93,66,1.94,ML,1690432448
218,ebaye,8.7748,167.7392,302.16,79,0,3.09,MH,1690432449
219,tidjikja,18.5564,-11.4271,301.41,47,24,8.07,MR,1690432449
220,chiang klang,19.2938,100.8617,303.84,78,52,1.21,TH,1690432450
221,severobaykal'sk,55.65,109.3167,287.3,88,100,2.47,RU,1690432265
222,bahia de caraquez,-0.6,-80.4167,297.25,84,82,3.07,EC,1690432451
223,severo-yeniseyskiy,60.3725,93.0408,291.25,86,100,1.79,RU,1690432452
224,maiyama,12.0841,4.3677,299.45,75,98,4.23,NG,1690432452
225,kristiansund,63.1115,7.732,288.18,94,100,3.09,NO,1690432453
226,ziway,7.9333,38.7167,291.88,80,45,5.93,ET,1690432453
227,opuwo,-18.0607,13.84,286.89,44,3,1.34,NA,1690432454
228,xiulin,29.7167,112.4,305.84,66,91,4.89,CN,1690432455
229,ugoofaaru,5.6667,73.0,301.33,70,100,0.95,MV,1690432455
230,shumikha,55.2261,63.2961,297.02,51,5,3.65,RU,1690432402
231,gamboma,-1.8764,15.8644,298.76,59,88,1.82,CG,1690432456
232,hotan,37.0997,79.9269,305.75,22,61,2.27,CN,1690432457
233,tazacorte,28.629,-17.9293,294.69,85,75,4.12,ES,1690432457
234,shimoda,34.6667,138.95,305.99,70,38,3.58,JP,1690432458
235,laojunmiao,39.8333,97.7333,302.4,11,0,3.23,CN,1690432458
236,varzea grande,-15.6467,-56.1325,296.08,60,0,0.51,BR,1690432283
237,mount gambier,-37.8333,140.7667,289.42,57,57,4.73,AU,1690432460
238,northam,51.0333,-4.2167,291.29,99,100,7.12,GB,1690432461
239,laela,-8.5667,32.05,285.26,64,38,0.77,TZ,1690432461
240,cam ranh,11.9214,109.1591,307.13,55,20,1.54,VN,1690432462
241,lihue,21.9789,-159.3672,301.73,74,0,6.17,US,1690432462
242,san felipe,10.3399,-68.7425,296.67,91,68,1.71,VE,1690432463
243,enewetak,11.3474,162.3373,301.7,78,100,6.36,MH,1690432252
244,pasaje,-3.3333,-79.8167,295.8,87,46,0.45,EC,1690432464
245,isaccea,45.2667,28.4667,294.5,79,100,3.73,RO,1690432465
246,turbat,26.0023,63.044,304.46,67,86,2.92,PK,1690432466
247,nuuk,64.1835,-51.7216,280.49,87,100,1.54,GL,1690432466
248,tambacounda,13.7539,-13.7586,299.39,86,65,3.05,SN,1690432467
249,abadeh,31.1608,52.6506,302.42,13,1,2.02,IR,1690432467
250,vernon,50.2581,-119.2691,294.35,52,1,2.06,CA,1690432468
251,coquimbo,-29.9533,-71.3436,286.71,88,100,1.45,CL,1690432469
252,palmer,42.1584,-72.3287,296.8,76,0,3.6,US,1690432469
253,undurkhaan,47.3194,110.6556,299.41,32,0,4.39,MN,1690432470
254,nova friburgo,-22.2819,-42.5311,288.68,91,36,0.99,BR,1690432323
255,borgarnes,64.5383,-21.9206,281.18,89,100,4.09,IS,1690432471
256,ahar,38.4774,47.0699,294.86,55,0,2.04,IR,1690432472
257,st. john's,47.5649,-52.7093,292.19,82,100,8.75,CA,1690432208
258,holualoa,19.6228,-155.9522,299.57,84,100,4.12,US,1690432473
259,seydi,39.4816,62.9137,312.28,15,13,6.99,TM,1690432473
260,katsuura,35.1333,140.3,302.06,70,45,4.81,JP,1690432475
261,quibala,-10.7337,14.98,289.45,78,1,1.0,AO,1690432475
262,san sebastian de la gomera,28.0916,-17.1133,296.69,83,100,1.03,ES,1690432476
263,ponta delgada,37.7333,-25.6667,294.55,88,20,2.06,PT,1690432476
264,dudinka,69.4058,86.1778,300.72,50,75,2.82,RU,1690432405
265,island harbour,50.724,-1.2758,290.89,96,100,3.13,GB,1690432410
266,san rafael del yuma,18.4299,-68.6739,297.91,83,100,2.33,DO,1690432478
267,dabhol,17.6,73.1667,297.6,95,100,5.1,IN,1690432478
268,sanctuary point,-35.1114,150.629,294.44,40,0,3.93,AU,1690432479
269,nantucket,41.2835,-70.0995,297.04,97,10,6.99,US,1690432244
270,cururupu,-1.8283,-44.8683,296.93,89,20,1.69,BR,1690432263
271,new norfolk,-42.7826,147.0587,286.44,47,100,2.24,AU,1690432260
272,tazovsky,67.4667,78.7,293.08,65,11,1.43,RU,1690432305
273,carnarvon,-24.8667,113.6333,291.76,46,12,7.07,AU,1690432280
274,mar del plata,-38.0023,-57.5575,282.09,84,75,8.05,AR,1690432483
275,enniscorthy,52.5008,-6.5578,290.08,100,100,3.46,IE,1690432483
276,san antonio de pale,-1.4014,5.6325,295.96,90,100,5.04,GQ,1690432484
277,santa cruz cabralia,-16.2781,-39.0247,293.28,94,40,1.54,BR,1690432484
278,nouadhibou,20.931,-17.0347,295.14,78,87,9.26,MR,1690432485
279,warrnambool,-38.3833,142.4833,289.42,60,12,7.73,AU,1690432246
280,el granada,37.5027,-122.4694,291.45,87,100,6.17,US,1690432486
281,mount pearl,47.5166,-52.7813,291.34,82,100,8.75,CA,1690432486
282,taroa,8.7058,171.2275,301.45,77,100,5.01,MH,1690432487
283,zheleznodorozhnyy,55.7503,38.0042,291.25,70,68,0.58,RU,1690432488
284,chibougamau,49.9168,-74.3659,290.94,72,100,2.48,CA,1690432488
285,san luis,-33.295,-66.3356,282.47,44,97,3.13,AR,1690432280
286,rio grande,-32.035,-52.0986,284.23,90,1,6.34,BR,1690432307
287,al wafrah,28.6392,47.9306,313.29,9,8,4.96,KW,1690432344
288,woodlake,37.4211,-77.6793,299.86,93,0,2.06,US,1690432490
289,hit,33.6416,42.8251,311.04,12,0,4.14,IQ,1690432491
290,saint-philippe,-21.3585,55.7679,294.32,77,65,5.31,RE,1690432472
291,tianpeng,30.9866,103.9393,298.5,86,86,6.53,CN,1690432492
292,mostaganem,35.9311,0.0892,297.32,86,10,3.27,DZ,1690432493
293,kavaratti,10.5669,72.642,301.58,73,100,5.81,IN,1690432285
294,bentiu,9.2333,29.8333,294.95,93,100,1.46,SS,1690432211
295,coxim,-18.5067,-54.76,295.09,37,0,1.18,BR,1690432494
296,kamyaran,34.7956,46.9355,301.11,30,0,2.97,IR,1690432495
297,tchibanga,-2.85,11.0333,292.2,97,63,0.86,GA,1690432495
298,ulsteinvik,62.3432,5.8487,289.21,94,99,2.68,NO,1690432496
299,derzhavinsk,51.1,66.3167,297.46,53,81,3.72,KZ,1690432496
300,hanzhong,33.0728,107.0303,296.44,96,100,1.1,CN,1690432497
301,pemangkat,1.1667,108.9667,304.51,57,44,6.14,ID,1690432497
302,port saint john's,-31.6229,29.5448,290.92,70,76,2.03,ZA,1690432498
303,trairi,-3.2778,-39.2689,298.34,86,8,5.08,BR,1690432221
304,yatou,37.15,122.3833,301.64,74,98,5.93,CN,1690432499
305,taoudenni,22.6783,-3.9836,308.74,30,55,3.46,ML,1690432500
306,macau,22.2006,113.5461,310.29,66,40,5.66,MO,1690432275
307,shar,49.5886,81.0453,300.08,29,100,6.35,KZ,1690432501
308,okahao,-17.885,15.0667,286.71,31,55,1.39,NA,1690432501
309,demre,36.2537,29.9777,306.17,28,0,0.85,TR,1690432502
310,vung tau,10.346,107.0843,300.91,83,97,7.66,VN,1690432502
311,roosevelt,33.9668,-103.4505,301.27,32,47,5.21,US,1690432503
312,akonolinga,3.7667,12.25,293.76,99,99,1.48,CM,1690432503
313,den burg,53.0542,4.7972,288.69,98,100,4.63,NL,1690432504
314,bokoro,12.3807,17.0568,298.31,80,100,5.9,TD,1690432505
315,kiffa,16.6166,-11.4045,304.66,51,46,6.14,MR,1690432505
316,yafran,32.0633,12.5286,295.18,68,0,1.63,LY,1690432506
317,saudarkrokur,65.7461,-19.6394,280.54,89,12,1.94,IS,1690432304
318,sferracavallo,42.726,12.0956,292.25,83,1,1.74,IT,1690432507
319,maxixe,-23.8597,35.3472,289.05,94,20,0.0,MZ,1690432508
320,snyder,32.7179,-100.9176,303.34,30,0,3.6,US,1690432508
321,hobyo,5.3505,48.5268,299.15,72,75,11.36,SO,1690432509
322,happy valley-goose bay,53.3168,-60.3315,292.32,63,40,3.09,CA,1690432283
323,sola,-13.8833,167.55,297.17,82,100,13.96,VU,1690432510
324,al qusayr,34.5091,36.5798,303.02,27,0,0.91,SY,1690432511
325,nemuro,43.3236,145.575,293.6,87,97,3.51,JP,1690432511
326,pader palwo,2.8006,33.135,292.1,95,100,1.17,UG,1690432512
327,san luis de la loma,17.2706,-100.8939,300.04,83,70,2.02,MX,1690432512
328,gufeng,26.9083,118.9819,297.12,83,99,5.31,CN,1690432513
329,debark',13.1561,37.8981,284.06,90,90,1.56,ET,1690432514
330,mariental,-24.6333,17.9667,283.68,20,0,3.59,NA,1690432514
331,petropavlovsk-kamchatsky,53.0452,158.6483,293.48,68,40,7.0,RU,1690432259
332,ormara,25.2088,64.6357,301.74,86,99,6.9,PK,1690432516
333,yermakovskoye,53.2831,92.4003,299.77,37,28,3.38,RU,1690432516
334,laascaanood,8.4774,47.3597,296.06,64,57,15.23,SO,1690432517
335,gewane,10.1664,40.6453,301.75,49,87,7.72,ET,1690432517
336,beloyarskiy,63.7119,66.6722,287.72,98,100,2.2,RU,1690432518
337,revda,56.801,59.9303,294.79,62,31,2.98,RU,1690432519
338,vila velha,-20.3297,-40.2925,293.12,94,0,1.03,BR,1690432099
339,daru,-9.0763,143.2092,299.11,81,57,8.59,PG,1690432520
340,sarandi grande,-33.7333,-56.3333,278.71,95,32,3.12,UY,1690432520
341,saynshand,44.8824,110.1163,302.32,23,9,4.37,MN,1690432482
342,rocha,-34.4833,-54.3333,282.09,86,19,5.55,UY,1690432406
343,sungai penuh,-2.0833,101.3833,300.44,52,45,2.27,ID,1690432522
344,turpan,42.9333,89.1667,317.46,7,0,3.13,CN,1690432522
345,zeya,53.75,127.2667,305.05,28,45,2.72,RU,1690432523
346,brazil,39.5237,-87.125,300.98,77,75,4.63,US,1690432234
347,junction city,39.0286,-96.8314,305.29,57,0,2.06,US,1690432524
348,muisne,0.6,-80.0333,298.23,81,90,2.77,EC,1690432525
349,port-vila,-17.7338,168.3219,295.93,64,75,8.75,VU,1690432438
350,ardanuc,41.1274,42.0629,302.88,51,3,1.43,TR,1690432526
351,urangan,-25.3,152.9,292.77,62,78,6.05,AU,1690432527
352,bechar,31.6167,-2.2167,307.33,13,20,4.12,DZ,1690432527
353,tomatlan,19.9333,-105.25,299.03,83,97,1.47,MX,1690432291
354,kangding,30.0513,101.9603,294.27,83,62,1.51,CN,1690432528
355,yarmouth,41.7057,-70.2286,297.04,91,0,4.63,US,1690432529
356,chonchi,-42.6128,-73.8092,280.99,99,100,1.64,CL,1690432361
357,sittwe,20.15,92.9,302.15,81,97,5.22,MM,1690432530
358,sitka,57.0531,-135.33,289.09,82,100,0.0,US,1690432530
359,meulaboh,4.1363,96.1285,302.91,66,86,1.79,ID,1690432531
360,berbera,10.4396,45.0143,306.58,38,85,11.44,SO,1690432532
361,silver city,32.7701,-108.2803,303.13,25,0,5.14,US,1690432532
362,stettler,52.3168,-112.7186,287.01,77,100,5.66,CA,1690432533
363,conceicao do araguaia,-8.2578,-49.2647,294.93,45,5,1.34,BR,1690432534
364,homer,59.6425,-151.5483,289.84,79,0,3.09,US,1690432533
365,santa marta,11.2408,-74.199,301.18,83,75,2.57,CO,1690432305
366,carutapera,-1.195,-46.02,297.69,89,31,2.51,BR,1690432536
367,auraiya,26.4667,79.5167,309.18,44,100,3.9,IN,1690432536
368,guerrero negro,27.9769,-114.0611,294.17,80,2,4.76,MX,1690432537
369,suzzara,44.9919,10.7431,290.32,83,7,2.59,IT,1690432538
370,kavieng,-2.5744,150.7967,301.94,75,70,5.3,PG,1690432538
371,howard springs,-12.497,131.047,301.38,29,100,1.1,AU,1690432539
372,tolanaro,-25.0319,46.9987,291.19,77,75,3.09,MG,1690432452
373,cidreira,-30.1811,-50.2056,286.71,84,32,5.44,BR,1690432470
374,usinsk,65.9939,57.5281,292.32,72,57,1.87,RU,1690432541
375,balkashino,52.5167,68.7667,296.32,55,96,4.5,KZ,1690432542
376,chui,-33.6971,-53.4616,281.43,89,0,4.9,UY,1690432542
377,argostolion,38.1811,20.489,299.06,72,0,6.2,GR,1690432543
378,chakradharpur,22.7,85.6333,304.33,67,82,4.03,IN,1690432543
379,staraya russa,57.9944,31.3608,289.38,82,100,2.06,RU,1690432343
380,loreto,22.2667,-101.9667,288.62,66,95,3.38,MX,1690432253
381,bridgwater,51.1284,-3.0036,291.22,95,100,1.79,GB,1690432509
382,kiunga,-6.1219,141.2906,299.72,89,92,0.69,PG,1690432545
383,jalqani,12.4486,34.2186,297.12,80,93,3.37,SD,1690432546
384,manuguru,17.981,80.7547,300.94,88,97,5.9,IN,1690432547
385,fortuna,40.5982,-124.1573,287.58,90,0,4.12,US,1690432547
386,polyarnyy,69.1989,33.4478,284.1,93,100,0.58,RU,1690432548
387,nagqu,31.5,92.0,279.9,85,100,2.39,CN,1690432493
388,aldinga beach,-35.2793,138.4604,293.26,64,97,7.73,AU,1690432549
389,barra da estiva,-13.6261,-41.3269,288.42,96,76,1.23,BR,1690432549
390,sahiwal,30.6667,73.1,299.05,97,100,2.26,PK,1690432550
391,ferkessedougou,9.6,-5.2,296.16,91,95,2.94,CI,1690432550
392,crateus,-5.1783,-40.6775,294.42,54,3,2.3,BR,1690432271
393,darchula,29.8412,80.5287,298.14,91,100,0.16,NP,1690432552
394,red bluff,40.1785,-122.2358,306.53,40,0,3.6,US,1690432353
395,kayangel,8.0823,134.7173,299.4,87,100,12.51,PW,1690432553
396,dongling,41.8144,123.5758,304.2,69,51,4.82,CN,1690432554
397,gizo,-8.103,156.8419,299.89,88,100,7.64,SB,1690432554
398,bandon,51.7469,-8.7425,287.92,98,99,3.51,IE,1690432555
399,khilok,51.3674,110.4676,288.66,95,100,3.12,RU,1690432555
400,soio,-6.1349,12.3689,293.67,92,5,2.82,AO,1690432556
401,mirny,62.5353,113.9611,296.06,46,9,5.81,RU,1690432556
402,chu,43.5983,73.7614,310.33,13,22,3.42,KZ,1690432557
403,wangkui,46.8333,126.5,302.73,69,94,7.6,CN,1690432437
404,barras,-4.2444,-42.2944,293.68,94,7,1.14,BR,1690432558
405,robore,-18.3333,-59.75,291.54,71,89,2.18,BO,1690432559
406,sorong,-0.8833,131.25,301.96,74,36,6.41,ID,1690432486
407,solnechnyy,50.7214,136.6319,299.42,65,55,0.54,RU,1690432560
408,as sulayyil,20.4607,45.5779,305.29,10,63,4.12,SA,1690432560
409,urengoy,65.9667,78.3667,299.61,46,92,2.43,RU,1690432561
410,ostrow mazowiecka,52.8024,21.8951,286.83,91,99,2.3,PL,1690432561
411,nova vicosa,-17.8919,-39.3719,294.09,77,4,1.44,BR,1690432562
412,north bend,43.4065,-124.2243,288.8,94,0,4.12,US,1690432563
413,paracuru,-3.41,-39.0306,299.88,84,6,6.02,BR,1690432481
414,mchinji,-13.7984,32.8802,285.0,92,39,1.68,MW,1690432564
415,hede,33.7681,120.2517,304.34,69,25,5.47,CN,1690432564
416,egilsstadir,65.2653,-14.3948,279.1,93,100,5.66,IS,1690432442
417,dhidhdhoo,6.8833,73.1,301.3,71,96,2.44,MV,1690432296
418,dangriga,16.9692,-88.2321,299.82,82,57,1.14,BZ,1690432566
419,sandnessjoen,66.0217,12.6316,287.44,94,75,2.57,NO,1690432488
420,al bardiyah,31.7561,25.0865,300.53,81,0,4.82,LY,1690432568
421,frastanz,47.2167,9.6331,285.55,73,81,1.34,AT,1690432568
422,pitimbu,-7.4706,-34.8086,296.48,87,55,3.87,BR,1690432570
423,camden,39.7835,-74.9663,298.12,90,6,0.45,US,1690432540
424,ngetkib,7.3645,134.5148,299.29,94,100,5.14,PW,1690432573
425,goias,-15.5807,-49.6362,292.54,42,16,2.09,BR,1690432574
426,portales,34.1862,-103.3344,301.89,32,58,3.06,US,1690432575
427,mtambile,-5.3833,39.7,297.61,77,71,4.73,TZ,1690432575
428,ad dabbah,18.05,30.95,305.46,45,93,7.23,SD,1690432576
429,brisas de zicatela,15.8369,-97.0419,299.9,82,100,2.83,MX,1690432410
430,cockburn town,21.4612,-71.1419,301.53,82,70,9.71,TC,1690432307
431,moyobamba,-6.05,-76.9667,293.98,87,100,0.2,PE,1690432578
432,belmonte,-15.8631,-38.8828,295.52,72,51,2.76,BR,1690432578
433,arraial do cabo,-22.9661,-42.0278,294.11,90,54,9.78,BR,1690432433
434,pugachev,52.0133,48.8025,301.88,41,7,3.93,RU,1690432580
435,redencao,-4.2258,-38.7306,295.17,97,10,0.28,BR,1690432580
436,point pleasant,40.0832,-74.0682,298.14,84,0,1.79,US,1690432581
437,kamaishi,39.2667,141.8833,302.52,66,49,1.69,JP,1690432582
438,volksrust,-27.3654,29.8818,278.09,83,0,2.05,ZA,1690432582
439,ca mau,9.1769,105.15,301.64,76,98,5.46,VN,1690432584
440,kidal,18.4411,1.4078,304.73,39,68,4.04,ML,1690432584
441,usogorsk,63.4106,48.6872,293.07,56,100,3.76,RU,1690432585
442,san patricio,28.017,-97.5169,302.51,77,43,5.72,US,1690432249
443,ostseebad binz,54.3999,13.6105,284.79,86,67,7.92,DE,1690432586
444,hailar,49.2,119.7,299.15,55,65,4.4,CN,1690432586
445,neijiang,29.5835,105.0622,297.77,95,100,3.21,CN,1690432587
446,leticia,-4.2153,-69.9406,297.18,94,0,0.0,CO,1690432588
447,ola,59.5833,151.2833,289.9,98,100,2.72,RU,1690432588
448,fergus falls,46.283,-96.0776,300.74,83,0,3.6,US,1690432589
449,tamandare,-8.7597,-35.1047,296.55,86,67,2.21,BR,1690432589
450,pizarro,4.9533,-77.366,299.05,88,73,1.97,CO,1690432590
451,peniscola,40.3359,0.3613,295.75,73,0,2.49,ES,1690432591
452,salmon arm,50.6998,-119.3024,291.77,59,7,1.03,CA,1690432591
453,nha trang,12.25,109.1833,306.15,62,88,3.13,VN,1690432592
454,hammerfest,70.6634,23.6821,284.4,82,75,4.12,NO,1690432593
455,midvagur,62.0511,-7.1939,281.61,81,100,4.12,FO,1690432541
456,okotoks,50.7289,-113.9828,288.22,88,42,3.21,CA,1690432594
457,citrus springs,28.9975,-82.4707,299.24,82,0,0.0,US,1690432594
458,mopti,14.6667,-4.0,303.69,53,100,5.89,ML,1690432595
459,kenora,49.8167,-94.4337,293.58,94,100,4.12,CA,1690432595
460,shizukuishi,39.6833,140.9833,304.58,58,69,3.92,JP,1690432596
461,la ronge,55.1001,-105.2842,285.29,82,100,4.63,CA,1690432596
462,bam,29.106,58.357,309.03,17,18,6.58,IR,1690432597
463,flying fish cove,-10.4217,105.6791,298.97,78,75,6.69,CX,1690432535
464,katsuren-haebaru,26.3369,127.8719,300.58,92,40,6.69,JP,1690432598
465,sodankyla,67.4167,26.6,288.5,74,63,1.2,FI,1690432599
466,puerto baquerizo moreno,-0.9,-89.6,297.01,81,94,5.99,EC,1690432599
467,upata,8.0086,-62.3989,294.46,98,99,1.34,VE,1690432600
468,campo verde,-20.4167,-54.0667,292.51,49,7,1.37,BR,1690432600
469,tieli,46.95,128.05,300.87,77,89,6.38,CN,1690432601
470,amga,60.8953,131.9608,298.07,38,100,2.76,RU,1690432601
471,lycksele,64.5954,18.6735,286.72,100,75,0.0,SE,1690432602
472,chernyshevskiy,63.0128,112.4714,296.76,43,49,4.44,RU,1690432603
473,tegueste,28.5167,-16.3167,292.59,88,100,9.39,ES,1690432603
474,bubaque,11.2833,-15.8333,300.67,81,100,5.35,GW,1690432604
475,ahmadpur east,29.1431,71.2598,303.98,70,100,2.39,PK,1690432604
476,lautoka,-17.6167,177.4667,294.07,83,100,4.12,FJ,1690432605
477,vodnyy,63.5046,53.4095,292.6,54,99,1.65,RU,1690432606
478,tupelo,34.2576,-88.7034,301.54,88,0,0.0,US,1690432606
479,weno,7.4515,151.8468,301.35,76,47,3.86,FM,1690432436
480,freeport,40.6576,-73.5832,299.13,88,0,6.69,US,1690432607
481,mukalla,14.5425,49.1242,304.63,57,66,0.83,YE,1690432608
482,pandan,14.0453,124.1694,303.89,67,100,7.17,PH,1690432608
483,atar,20.5169,-13.0499,305.62,17,53,5.05,MR,1690432609
484,ishigaki,24.3448,124.1572,300.22,94,75,7.72,JP,1690432609
485,tvoroyri,61.5556,-6.8111,283.17,84,39,6.54,FO,1690432502
486,zouerate,22.7187,-12.4521,300.61,29,26,6.76,MR,1690432446
487,acarau,-2.8856,-40.12,298.04,88,14,6.64,BR,1690432407
488,morrope,-6.5417,-80.0111,295.21,85,5,5.19,PE,1690432612
489,joao pinheiro,-17.7425,-46.1725,292.24,43,42,2.3,BR,1690432612
490,solnechnogorsk,56.1833,36.9833,289.06,82,72,1.35,RU,1690432613
491,punalur,9.0,76.9333,301.54,69,87,2.31,IN,1690432614
492,grissom air force base,40.6575,-86.1476,300.2,80,20,5.66,US,1690432614
493,mariehamn,60.0973,19.9348,288.07,88,0,0.0,AX,1690432587
494,kerikeri,-35.2268,173.9474,288.1,84,21,1.34,NZ,1690432615
495,serdar,38.9764,56.2757,303.36,50,62,4.64,TM,1690432616
496,bandarbeyla,9.4942,50.8122,300.02,57,30,13.64,SO,1690432617
497,thames,-37.1333,175.5333,283.11,77,58,6.18,NZ,1690432617
498,kununurra,-15.7667,128.7333,301.14,28,7,3.09,AU,1690432282
499,horsham,51.064,-0.3272,290.62,88,75,5.14,GB,1690432619
500,borkum,53.5809,6.6915,288.12,76,100,7.85,DE,1690432620
501,thunder bay,48.4001,-89.3168,291.14,94,20,2.06,CA,1690432411
502,wuwei,37.9281,102.6414,303.34,29,100,5.18,CN,1690432621
503,fort mcmurray,56.7268,-111.381,287.92,94,100,2.57,CA,1690432621
504,thal,35.4791,72.2439,298.29,61,8,3.14,PK,1690432622
505,wanning,18.8003,110.3967,306.7,55,100,3.08,CN,1690432622
506,blankenhain,50.8599,11.3439,287.32,82,85,3.5,DE,1690432623
507,encruzilhada do sul,-30.5439,-52.5219,280.3,95,41,1.78,BR,1690432623
508,gwaram,11.2764,9.8858,297.47,74,92,2.62,NG,1690432624
509,isparta,38.0,31.0,299.49,30,0,2.12,TR,1690432625
510,prince george,53.9166,-122.753,289.96,80,75,4.63,CA,1690432352
511,harstad,68.799,16.5293,288.6,86,67,3.58,NO,1690432626
512,wauchope,-31.45,152.7333,293.13,40,0,2.68,AU,1690432626
513,kone,-21.0595,164.8658,295.64,49,1,4.71,NC,1690432465
514,ujae,8.9322,165.7642,301.51,77,90,4.21,MH,1690432627
515,novoselitskoye,44.7508,43.4369,297.51,64,0,6.75,RU,1690432628
516,sabaneta,6.15,-75.6,291.14,99,40,2.24,CO,1690432628
517,itanagar,27.1,93.6167,300.82,87,93,0.86,IN,1690432629
518,celestun,20.8667,-90.4,298.99,86,100,4.14,MX,1690432630
519,ghadamis,30.1337,9.5007,303.59,32,0,4.96,LY,1690432630
520,benalup-casas viejas,36.3239,-5.769,293.97,92,0,1.8,ES,1690432631
521,sao joao do piaui,-8.3581,-42.2467,295.8,55,52,3.01,BR,1690432631
522,visakhapatnam,17.69,83.2093,302.09,79,75,6.17,IN,1690432458
523,chalala,21.4167,71.1667,302.16,74,100,5.76,IN,1690432632
524,kikvidze,50.7416,43.0518,298.47,47,12,3.11,RU,1690432633
525,paita,-5.0892,-81.1144,294.65,81,13,5.02,PE,1690432633
526,gaspe,48.8334,-64.4819,291.1,100,20,2.06,CA,1690432412
527,camarinas,43.1311,-9.1817,290.87,82,85,1.9,ES,1690432635
528,dali,25.7,100.1833,298.32,55,95,3.09,CN,1690432635
529,peniche,39.3558,-9.3811,292.75,83,98,7.49,PT,1690432408
530,czarna bialostocka,53.3051,23.2815,286.38,91,100,2.23,PL,1690432636
531,kaa-khem,51.6833,94.7333,297.82,36,92,1.73,RU,1690432637
532,el alto,-4.2714,-81.2147,293.39,84,28,6.13,PE,1690432637
533,san antonio oeste,-40.7319,-64.9477,279.05,63,98,2.86,AR,1690432638
534,hohhot,40.8106,111.6522,302.31,37,40,4.0,CN,1690432638
535,jacmel,18.2342,-72.5347,299.06,84,100,3.77,HT,1690432639
536,tabou,4.423,-7.3528,297.48,90,99,3.14,CI,1690432639
537,san jose de guanipa,8.8872,-64.1651,296.97,91,100,2.85,VE,1690432640
538,noumea,-22.2763,166.4572,295.14,65,39,7.73,NC,1690432444
539,farkhar,36.5729,69.8578,306.44,12,0,2.8,AF,1690432641
540,port blair,11.6667,92.75,303.17,79,40,6.69,IN,1690432428
541,bad liebenwerda,51.5167,13.4,285.97,89,20,3.13,DE,1690432642
542,labytnangi,66.6572,66.4183,291.06,89,100,3.7,RU,1690432643
543,galle,6.0367,80.217,301.35,76,100,4.13,LK,1690432643
544,karratha,-20.7377,116.8463,297.48,39,76,5.64,AU,1690432644
545,colonia,50.9333,6.95,288.87,85,75,3.6,DE,1690432348
546,tonosho,34.4833,134.1833,308.27,65,60,1.75,JP,1690432645
547,antsiranana,-12.2787,49.2917,296.57,64,20,6.17,MG,1690432645
548,tamiahua,21.2667,-97.45,298.95,88,100,2.17,MX,1690432646
549,pagar alam,-4.0167,103.2667,303.06,49,31,1.37,ID,1690432646
550,dickinson,29.4608,-95.0513,302.66,83,0,2.57,US,1690432647
551,westport,41.1415,-73.3579,298.57,83,0,6.17,US,1690432616
552,torbat-e jam,35.244,60.6225,305.81,27,0,10.78,IR,1690432648
553,gamba,-2.65,10.0,293.73,96,62,2.41,GA,1690432649
554,nizhnesortymskiy,62.4397,71.7603,292.39,81,99,3.39,RU,1690432649
555,stornoway,58.2093,-6.3865,287.13,90,40,1.54,GB,1690432650
556,merritt,50.1123,-120.7942,290.55,50,75,0.63,CA,1690432651
557,nadi,-17.8,177.4167,294.15,83,100,4.12,FJ,1690432652
558,rice lake,45.5061,-91.7382,296.14,100,0,0.0,US,1690432470
559,grand falls-windsor,48.9332,-55.6649,289.25,96,14,2.73,CA,1690432399
560,ciudad rodrigo,40.6,-6.5333,289.69,57,0,0.58,ES,1690432654
561,puerto francisco de orellana,-0.4667,-76.9667,296.48,90,81,0.93,EC,1690432654
562,surab,28.4914,66.2585,299.31,56,34,2.06,PK,1690432655
563,uribia,11.7139,-72.266,300.56,77,100,3.91,CO,1690432655
564,yaren,-0.5472,166.916,302.05,75,52,4.03,NR,1690432656
565,port hedland,-20.3167,118.5667,301.18,24,26,2.57,AU,1690432656
566,buta,2.7858,24.73,293.79,96,100,0.33,CD,1690432657
567,la villa del rosario,10.3258,-72.3134,297.22,95,100,2.44,VE,1690432658
568,baruun-urt,46.6806,113.2792,299.44,29,33,5.47,MN,1690432658
569,turki,51.987,43.2731,296.5,62,95,3.69,RU,1690432659
570,olyokminsk,60.3736,120.4264,303.54,38,23,4.43,RU,1690432456
571,bazarak,35.3129,69.5152,300.04,19,0,4.04,AF,1690432660
